mean_percent_increase,median_percent_increase
4.2626082514769825,4.262608251476978
3.2595807178403646,3.259580717840361
4.311447991939417,4.311447991939417
4.305437976599504,4.305437976599505
4.138208768370281,4.1382087683702835
3.241038765820681,3.2410387658206803
2.847194703767108,2.8471947037671073
4.074072922473506,4.074072922473507
2.645013210258118,2.645013210258116
2.5115068790673196,2.511506879067321
2.96017130657143,2.9601713065714303
3.205794144454668,3.205794144454666
2.795551354588618,2.7955513545886177
3.5327597217482603,3.532759721748261
2.994212459625586,2.9942124596255884
2.7307892552989688,2.7307892552989688
4.1628754764208855,4.162875476420887
2.6258571366217223,2.6258571366217227
2.7588535906593528,2.758853590659353
2.514163390853318,2.5141633908533194
4.602627786497973,4.602627786497975
3.7689410293772405,3.76894102937724
4.224833658170257,4.224833658170259
2.751547129099817,2.7515471290998192
3.158064995860127,3.158064995860127
3.5133620632730156,3.5133620632730143
3.3105814552157042,3.3105814552157056
3.940459243765757,3.9404592437657566
3.4474722681589776,3.4474722681589767
3.8431014762001925,3.843101476200192
3.856333011496425,3.8563330114964267
3.358221528349288,3.3582215283492904
4.5627286713972754,4.562728671397274
2.7643113087731703,2.76431130877317
3.1279395030457997,3.1279395030457997
3.4572083245774006,3.4572083245774006
2.194449362825915,2.1944493628259147
3.085629918358041,3.085629918358039
4.490654699728024,4.490654699728021
3.7683553898217927,3.7683553898217923
4.699436123903658,4.69943612390366
3.978785495384797,3.978785495384793
3.399826321875878,3.399826321875876
2.5644388987732647,2.5644388987732665
2.9829179382708477,2.9829179382708473
2.382614613399545,2.3826146133995434
2.4194401094247695,2.419440109424773
3.2644307779069965,3.2644307779069983
3.4014072910895603,3.4014072910895603
3.4161307113770576,3.416130711377056
3.2201454979578075,3.220145497957807
3.106083673617278,3.1060836736172774
2.3570450301631674,2.3570450301631656
4.3460175398230945,4.346017539823098
3.3903876044134766,3.390387604413476
4.034666347893244,4.034666347893242
2.291774137526295,2.2917741375262946
3.3326990499104974,3.332699049910498
3.0530429099586094,3.05304290995861
3.01181541122301,3.0118154112230076
3.655501974477738,3.6555019744777404
5.041624885606329,5.041624885606332
3.1219406215133287,3.1219406215133305
4.084256539378127,4.084256539378127
2.8809144091248498,2.8809144091248506
2.2419307339340375,2.2419307339340353
3.4145267132561794,3.414526713256183
4.152419644511762,4.152419644511761
3.943475148315248,3.9434751483152493
5.454997151631601,5.454997151631604
3.023672279898065,3.0236722798980677
2.7033314205830834,2.703331420583086
3.4173918134570425,3.4173918134570442
3.793132031731235,3.793132031731232
3.2791931913020194,3.279193191302018
1.9394641439882785,1.9394641439882738
2.8805340701472932,2.880534070147295
3.6413512025401222,3.6413512025401245
2.7819717766425645,2.781971776642565
2.140095741883926,2.1400957418839273
3.1809075156651474,3.1809075156651456
3.477470606002354,3.477470606002353
3.4167723794431843,3.4167723794431843
3.02199063401402,3.0219906340140197
2.9795928096306064,2.979592809630608
2.20193733501602,2.201937335016019
3.347569225638995,3.3475692256389933
3.610031986970343,3.6100319869703443
2.550559709179907,2.5505597091799075
3.825109680872243,3.8251096808722407
2.593126914960799,2.5931269149608003
3.68019844991583,3.6801984499158276
3.4713256487586235,3.471325648758623
2.931284191392782,2.9312841913927805
2.779634851586925,2.7796348515869242
3.7364775111592397,3.7364775111592428
2.422634486757686,2.422634486757686
2.962875003695372,2.962875003695369
3.2790123772980024,3.2790123772980033
2.7497233483508974,2.7497233483508983
4.586881909149013,4.586881909149014
4.260493384353856,4.260493384353858
5.465394448314734,5.465394448314736
2.8959559141035776,2.8959559141035776
2.8111024278256735,2.8111024278256727
4.939695761508273,4.939695761508274
4.796754690680583,4.796754690680585
3.406126061365585,3.406126061365585
3.2055220109173956,3.205522010917396
2.9788503668199886,2.978850366819991
4.106625991193181,4.106625991193182
3.972703590853655,3.972703590853654
3.5985916772662243,3.5985916772662243
3.133325154236094,3.1333251542360934
2.5331506167767643,2.5331506167767612
4.604901603118859,4.604901603118859
3.179033565161287,3.17903356516129
3.7138959545341437,3.7138959545341432
3.4055137595284606,3.4055137595284615
3.78983788057413,3.789837880574127
3.4062263940984376,3.4062263940984416
3.254882979424815,3.2548829794248144
3.395694562840911,3.3956945628409123
3.975239703495401,3.9752397034954017
3.0595065906123025,3.0595065906122993
2.718094235796493,2.7180942357964923
3.3448727697072784,3.344872769707276
3.6300756311944595,3.630075631194461
4.307500227675553,4.307500227675552
3.1558612198211526,3.155861219821153
2.7818043932670276,2.781804393267024
3.4856199917364417,3.4856199917364434
3.936710663511066,3.9367106635110667
3.7730502090783378,3.7730502090783373
4.771141619057507,4.771141619057504
3.542228555379555,3.5422285553795554
2.949067240984247,2.949067240984249
3.1106048495335332,3.1106048495335363
3.6688982145233524,3.6688982145233515
4.024733650822143,4.024733650822145
3.2388194319546693,3.2388194319546706
2.2271400213996504,2.2271400213996495
3.466634623440571,3.4666346234405747
2.833303964889268,2.8333039648892724
2.0435606310856667,2.043560631085668
3.30494707876506,3.304947078765059
3.5237534231049796,3.523753423104981
3.4011985843131414,3.4011985843131423
3.0046609997157634,3.00466099971576
3.1987187646598376,3.19871876465984
3.1093146334954938,3.109314633495491
2.332611641017559,2.332611641017559
2.874760814136146,2.8747608141361463
3.7375493135129463,3.7375493135129494
2.4421860851601944,2.442186085160192
4.328391177211659,4.328391177211659
2.88180620514566,2.8818062051456597
3.2117340591137924,3.21173405911379
2.050729743616253,2.0507297436162553
2.823222314212284,2.823222314212283
3.6751358705431687,3.6751358705431674
2.6392899981718507,2.639289998171851
3.2057694984941594,3.205769498494157
4.357875893452187,4.357875893452185
3.5732118503476173,3.5732118503476147
3.434496040449785,3.434496040449786
3.7088241943294626,3.7088241943294644
3.5065763152344673,3.5065763152344656
4.04520266223166,4.0452026622316595
2.7635155438727708,2.763515543872769
4.0895255641608275,4.089525564160828
3.5123404356228005,3.512340435622799
2.803991982096084,2.8039919820960826
2.2929833097542986,2.292983309754301
2.8277839365090642,2.8277839365090633
2.793778800183033,2.793778800183036
3.6861932234244814,3.68619322342448
4.170903281599487,4.170903281599486
2.7806072780089415,2.7806072780089375
3.6165842496178926,3.6165842496178895
4.592374615088205,4.592374615088202
3.3940496996567036,3.3940496996567004
3.59521611197338,3.5952161119733783
2.630949421199728,2.6309494211997277
4.340954520943584,4.340954520943587
3.7479748334513165,3.7479748334513174
3.2266261134166956,3.2266261134166956
2.9307351321933397,2.930735132193342
3.6945153510259243,3.6945153510259217
3.1744215495066093,3.174421549506607
2.325656624787878,2.3256566247878796
2.989846634582415,2.989846634582414
2.8965839784402423,2.896583978440243
3.055637370693324,3.0556373706933244
3.668584439349496,3.668584439349497
3.445761035408441,3.445761035408438
2.362889377228507,2.362889377228507
3.0562733671360895,3.0562733671360833
2.862033979597868,2.862033979597869
2.7629328280176417,2.7629328280176444
3.1295308633513415,3.129530863351344
2.569175584266443,2.5691755842664463
3.678979231060605,3.678979231060605
2.9426422550327676,2.942642255032767
3.228814363971565,3.228814363971563
4.193223332352366,4.193223332352364
4.131683898860775,4.131683898860781
4.753956026899135,4.753956026899137
2.980802942831275,2.9808029428312732
3.747340199023677,3.747340199023678
3.993265681533122,3.9932656815331207
2.880949673331552,2.880949673331553
3.7544264604257425,3.7544264604257416
3.358775120858365,3.358775120858365
2.719341991592096,2.7193419915920938
3.750904587031139,3.750904587031143
3.2824126854412756,3.282412685441275
3.4744630994823105,3.4744630994823105
3.0505394139644175,3.0505394139644197
3.6568535090945904,3.656853509094593
3.3006523767592917,3.3006523767592912
3.3863307033578907,3.3863307033578867
3.296299370726134,3.2962993707261328
2.605137503341693,2.605137503341691
4.319876523290195,4.319876523290198
3.4953600633089597,3.4953600633089588
2.7660948657956523,2.766094865795651
2.8010384943330724,2.801038494333073
3.0685979510489045,3.068597951048906
3.246065955267671,3.2460659552676727
3.666267871885035,3.6662678718850357
3.3519563439204494,3.3519563439204503
2.9605218068390236,2.960521806839022
3.1318876875606727,3.131887687560674
2.939912535427409,2.9399125354274096
3.1837627665470176,3.1837627665470194
2.2373620681988577,2.2373620681988573
2.586471667779513,2.586471667779516
3.474134764762089,3.474134764762088
3.9097147510603487,3.909714751060345
2.5387845551813393,2.5387845551813415
3.8028051727709484,3.802805172770949
3.964685449994793,3.9646854499947923
2.3582692776492573,2.358269277649259
3.5759863555921974,3.5759863555922013
2.448858911577907,2.4488589115779087
3.0434695784601193,3.043469578460119
2.2956658821026252,2.2956658821026252
3.782785564451491,3.7827855644514905
3.785075423698857,3.7850754236988586
3.4798497956164023,3.479849795616402
4.075109202064385,4.0751092020643895
3.3537714517482926,3.3537714517482917
4.076177173770827,4.076177173770827
2.9426302897235694,2.9426302897235708
3.3276300266634045,3.3276300266634036
2.701084057357145,2.7010840573571437
2.9969884093124843,2.9969884093124874
2.6813550763369456,2.6813550763369447
3.048331615644838,3.0483316156448383
3.744921887775939,3.7449218877759396
2.631280681896809,2.6312806818968117
3.921302587380575,3.921302587380577
3.1123212636577247,3.1123212636577238
3.6812414471455988,3.681241447145598
3.710191846273854,3.710191846273853
2.6977742804224647,2.69777428042246
3.1187823442312532,3.1187823442312554
3.6305067706819947,3.6305067706819907
2.9904957763093667,2.9904957763093707
3.2869111388640007,3.2869111388640038
3.4961374600106185,3.4961374600106154
3.3281168993591232,3.328116899359123
3.2097167101415387,3.2097167101415387
3.552337254391405,3.5523372543914062
2.910387196675171,2.9103871966751695
3.4845888077060443,3.4845888077060496
3.427780854150201,3.427780854150198
2.777167362621632,2.7771673626216336
3.9793720545313183,3.9793720545313205
4.052502059386613,4.052502059386613
3.59570504496763,3.5957050449676315
2.218028880503765,2.218028880503765
4.994727240276722,4.994727240276722
3.8488459990253747,3.8488459990253765
2.782474585516246,2.782474585516246
2.671981594515163,2.671981594515162
2.5238130318393774,2.523813031839373
4.469992938309505,4.469992938309504
2.614568726663991,2.6145687266639888
3.696484641068199,3.6964846410681966
2.8962756348008107,2.896275634800811
3.05029637042908,3.0502963704290815
3.5844434363075686,3.584443436307568
3.409748371050251,3.4097483710502536
2.654608028174915,2.654608028174917
2.0855032263488913,2.0855032263488917
4.107387114919395,4.107387114919393
3.13257162756803,3.132571627568029
3.6823600460902313,3.682360046090232
2.861858593021798,2.861858593021796
2.578549332440888,2.5785493324408866
3.544852219082474,3.5448522190824714
3.1285845364993263,3.1285845364993237
3.7349087052356196,3.7349087052356182
3.461253242781073,3.4612532427810763
4.975409982087613,4.975409982087616
2.967833187585036,2.967833187585037
2.2971161873740615,2.297116187374062
4.484963568225605,4.484963568225604
3.011319070035956,3.0113190700359582
2.647614477898893,2.647614477898893
3.713305612690663,3.7133056126906636
3.1462608954785445,3.1462608954785454
3.5805287862053086,3.5805287862053072
3.162689257637569,3.1626892576375676
2.87241243553461,2.872412435534609
3.075749653788728,3.0757496537887263
3.5528094356349524,3.5528094356349516
4.512277502630565,4.512277502630564
3.6555098034773486,3.655509803477349
3.97373358845808,3.9737335884580807
2.8549149043608577,2.8549149043608586
3.126471486510662,3.1264714865106615
3.441835679461849,3.4418356794618488
3.327760929771703,3.3277609297717077
4.59338436482308,4.593384364823077
3.3692937226325808,3.3692937226325825
2.971724351000823,2.9717243510008227
2.837392123674395,2.8373921236743938
3.178382868364286,3.1783828683642836
3.804252341933394,3.8042523419333927
3.168845500848093,3.1688455008480982
3.1792355294905827,3.1792355294905814
3.3221378600900917,3.3221378600900904
3.4928204914425574,3.4928204914425574
3.2106718080606735,3.2106718080606735
4.272735785393633,4.272735785393634
3.24071324733481,3.240713247334811
4.748519273654229,4.748519273654227
3.89814215540575,3.898142155405747
3.9009731631107183,3.900973163110719
3.5986649209339565,3.598664920933958
3.1751004937449667,3.1751004937449707
3.3522270835400523,3.3522270835400527
3.230845059458405,3.230845059458406
4.590533615022836,4.590533615022837
4.343769825037799,4.343769825037796
3.202681344198815,3.202681344198812
2.3903267703202857,2.3903267703202884
2.617261063077858,2.6172610630778568
3.9971993363403455,3.997199336340344
3.2074177269668045,3.2074177269667996
4.358510147239413,4.358510147239411
3.1443118121263454,3.144311812126344
2.8435109019841813,2.843510901984181
3.455613311417661,3.4556133114176633
4.22038723129532,4.220387231295321
2.704979434342485,2.70497943434248
3.155916577888869,3.1559165778888696
2.4975218568938273,2.4975218568938273
3.2150631627207815,3.2150631627207837
3.5488588829959924,3.548858882995991
3.37559691466153,3.375596914661528
3.249908039954653,3.2499080399546547
2.8812313653092883,2.881231365309287
3.425407693152882,3.4254076931528834
4.147071278748389,4.1470712787483865
4.26901166595868,4.269011665958679
4.828356455784614,4.828356455784619
3.120980659415082,3.1209806594150784
2.98112067923852,2.9811206792385176
3.3806414341525373,3.380641434152537
4.067377541544227,4.067377541544224
2.896602909126575,2.8966029091265786
3.5123419089132355,3.5123419089132337
3.7830459398527077,3.78304593985271
2.5066487987803927,2.506648798780394
2.860090990465649,2.8600909904656495
3.432418661171329,3.43241866117133
6.092992239569689,6.092992239569691
3.2297678314178353,3.229767831417837
2.7789683910839784,2.778968391083977
2.7774346312505975,2.777434631250599
2.745373936872564,2.745373936872566
2.9006116672876345,2.9006116672876336
3.9275045349630755,3.9275045349630737
2.86143667441396,2.861436674413961
2.663655258621313,2.663655258621314
5.111904623578758,5.111904623578763
4.345164118114391,4.345164118114388
2.8133053019341907,2.813305301934193
4.143164379531849,4.143164379531849
2.5337758474637533,2.533775847463756
3.614741807936466,3.6147418079364675
3.5257733229133645,3.525773322913366
2.968060627372201,2.968060627372199
3.960721361182254,3.9607213611822543
2.6429572921913267,2.642957292191326
3.3201030509370284,3.3201030509370266
3.7693608334373265,3.769360833437325
3.3485586308373043,3.348558630837304
3.507348622962096,3.5073486229620956
4.805806560542551,4.805806560542551
5.089941010047077,5.089941010047077
4.264700841535837,4.264700841535832
3.0105563650988283,3.010556365098828
3.625586292905956,3.6255862929059566
2.8174596573303408,2.8174596573303443
2.9897233079096126,2.989723307909609
2.880202358798474,2.8802023587984733
3.765495667541933,3.7654956675419324
2.942703114232575,2.942703114232578
5.91278983809259,5.912789838092591
3.093060874432959,3.0930608744329606
3.032188934059446,3.0321889340594463
2.727860575299344,2.7278605752993386
5.8445072214262295,5.84450722142623
2.8462561891622467,2.846256189162248
3.9730499567631035,3.973049956763101
3.753576519145804,3.753576519145804
4.205258453322906,4.205258453322905
2.5720007549394754,2.572000754939477
3.098365266657743,3.098365266657745
3.2691995277811032,3.2691995277811055
4.21487144070194,4.214871440701941
3.2795054826258307,3.279505482625831
4.194358449277957,4.194358449277951
2.6011960786730994,2.601196078673099
3.0470881306597772,3.0470881306597795
2.950030389916875,2.9500303899168747
5.699974855115605,5.69997485511561
3.205928041743734,3.205928041743734
3.5986302993633648,3.598630299363365
4.603793525472494,4.6037935254724935
2.7549531887365206,2.754953188736522
2.8235778368612685,2.823577836861267
3.3659954920049615,3.365995492004961
3.3205248663705116,3.320524866370511
3.2051167164331713,3.2051167164331718
3.596843058585401,3.596843058585402
3.7895749942348935,3.789574994234894
3.069499930507199,3.0694999305071993
3.644620041916408,3.6446200419164048
3.2705614235247507,3.270561423524749
3.3514415003337965,3.351441500333798
3.385769976789561,3.385769976789559
3.0157053470635113,3.0157053470635096
3.281986335345995,3.281986335345995
3.5003996343591086,3.5003996343591077
4.463659275644436,4.463659275644435
3.030660093551468,3.0306600935514676
3.874600570104278,3.8746005701042767
3.3563241692407737,3.356324169240774
2.408165829991617,2.4081658299916193
3.8979471455286916,3.8979471455286916
4.288317952699523,4.288317952699522
3.7993397293127504,3.7993397293127478
3.4641626956500158,3.464162695650016
3.1065436574796235,3.106543657479625
3.270091167977924,3.2700911679779243
4.388527622731365,4.388527622731367
4.377621497299206,4.377621497299204
3.5777252107133304,3.5777252107133304
2.3477086155484375,2.347708615548436
3.9128241463734876,3.91282414637349
4.196607708853686,4.196607708853687
2.6208426449876985,2.620842644987701
2.891701537983877,2.8917015379838777
2.754632523282398,2.7546325232823956
4.285091181547662,4.285091181547663
2.5036091099854105,2.5036091099854083
3.1625022934894034,3.1625022934894043
2.8026971615728526,2.8026971615728504
2.691525964263743,2.6915259642637435
4.105746593493661,4.105746593493665
4.5838936875934,4.583893687593399
2.4874753375878953,2.487475337587896
4.428938202777002,4.428938202777003
2.6298477208786575,2.6298477208786553
2.93378622081479,2.9337862208147882
4.355200336072971,4.35520033607297
4.657921994952945,4.657921994952947
3.5324495696563747,3.532449569656376
2.9159393930956625,2.915939393095659
3.1442787988296654,3.1442787988296654
3.4067999597779406,3.4067999597779393
3.9082616311275573,3.908261631127558
3.3598873914684044,3.3598873914684035
3.7062038104869877,3.706203810486989
2.9895370825114216,2.9895370825114216
3.1555880656927564,3.155588065692754
4.457343316157848,4.4573433161578455
2.692753770674489,2.692753770674485
5.55235102473647,5.5523510247364705
3.267971586525847,3.2679715865258503
4.5660499380664765,4.566049938066477
3.611288626447292,3.6112886264472905
3.2759422685933948,3.2759422685933925
2.609799989600051,2.609799989600049
4.064638867318635,4.064638867318635
4.394000273888732,4.394000273888734
5.0093766332396745,5.009376633239671
3.1109389312852507,3.110938931285251
3.293865900937611,3.2938659009376083
4.458100066134771,4.458100066134774
2.7589894992004336,2.7589894992004345
3.455750575136022,3.4557505751360216
3.924448985539677,3.9244489855396743
2.914871174667289,2.9148711746672884
5.6905954866364254,5.690595486636424
4.3731436076082675,4.373143607608268
2.605830470697902,2.605830470697903
3.2847894263214634,3.2847894263214616
3.8497103888264115,3.8497103888264146
3.5193592135291296,3.5193592135291274
4.309315528657892,4.309315528657892
3.116221112714683,3.1162211127146797
2.4501341462025894,2.4501341462025907
3.345694923884593,3.345694923884592
2.9102588918559165,2.910258891855916
3.1780560693102764,3.1780560693102755
2.6066032248707374,2.606603224870735
3.1082769991696044,3.1082769991696044
4.320934525335324,4.320934525335327
3.0787583128223197,3.0787583128223193
3.268031721690813,3.2680317216908135
3.7919567341884104,3.79195673418841
3.425774398807821,3.425774398807822
2.706685180609003,2.706685180609002
3.5826116554562577,3.5826116554562586
3.9563474485359897,3.9563474485359933
3.370630856907742,3.370630856907742
4.117197133412771,4.117197133412769
3.255006019035646,3.2550060190356485
3.0558013102117836,3.055801310211784
3.1261387394303672,3.126138739430366
4.3794810694691995,4.379481069469202
3.1824020442105154,3.1824020442105176
2.807761009867446,2.807761009867445
3.299664203220716,3.2996642032207157
4.147875183262838,4.147875183262835
3.7719300579117694,3.7719300579117707
4.254590412807198,4.254590412807198
3.6059238637700815,3.6059238637700783
3.0173124907091613,3.0173124907091626
3.87275893870409,3.8727589387040897
4.762244429970765,4.762244429970763
3.6837198758105028,3.6837198758105014
3.218395887648924,3.2183958876489216
3.3997753008709712,3.3997753008709726
4.86207320968933,4.8620732096893295
3.9294114751939104,3.9294114751939153
3.022007461674215,3.0220074616742165
3.740734901705464,3.740734901705464
2.634494548460693,2.6344945484606894
3.3401246572464918,3.340124657246492
4.323340783626009,4.323340783626009
4.318888180224202,4.318888180224205
2.990983178265235,2.9909831782652354
2.9545600672176953,2.954560067217695
3.628033596066236,3.628033596066234
2.898582310370235,2.8985823103702355
5.687255672523214,5.687255672523213
3.5540531192688927,3.5540531192688913
2.988890682288982,2.988890682288985
2.998183542611344,2.998183542611345
2.598219723452552,2.5982197234525533
2.6815347697618055,2.6815347697618055
3.185001427969283,3.1850014279692824
3.223930346989656,3.2239303469896545
2.9620934892987187,2.9620934892987196
3.13444888082017,3.1344488808201687
2.895744048136032,2.8957440481360317
2.3868526945691477,2.3868526945691473
2.6534838232320292,2.6534838232320244
2.9998688978627754,2.999868897862777
3.9384022596414483,3.9384022596414434
3.695479493209495,3.695479493209497
3.0350154855726683,3.0350154855726696
3.030356684449449,3.0303566844494467
2.387548197446378,2.3875481974463795
3.6190885450286863,3.6190885450286863
3.0236960182783417,3.0236960182783417
3.1968310466128353,3.1968310466128393
2.771457112960421,2.771457112960421
4.2951387695358685,4.295138769535868
2.927935260879433,2.927935260879433
3.8689834986046034,3.8689834986046048
2.98139205591872,2.9813920559187244
5.30414668995819,5.3041466899581895
3.301428632718764,3.3014286327187623
2.8037237664903287,2.803723766490325
3.0772309582966795,3.077230958296677
2.9447415739748712,2.9447415739748717
3.0130729625898582,3.0130729625898587
3.281508174503515,3.281508174503518
2.5972381272567566,2.597238127256758
3.3655513958945082,3.3655513958945096
3.946414785554593,3.9464147855545924
3.716690936635917,3.7166909366359167
3.6757224242226183,3.6757224242226205
2.720758510466208,2.7207585104662075
2.802273879074608,2.8022738790746056
5.0592964905796975,5.059296490579699
2.5007288109124812,2.50072881091248
2.6339331847928413,2.633933184792839
3.4153272089111106,3.415327208911111
4.1504086725252405,4.150408672525239
3.2020431465432697,3.20204314654327
2.9107380338699724,2.91073803386997
4.956834789022134,4.956834789022132
3.2318148412441654,3.2318148412441667
2.5887918827453062,2.5887918827453094
4.213582695276933,4.213582695276935
3.253863286601143,3.253863286601142
3.4366008964857744,3.436600896485776
3.353911206123622,3.3539112061236205
3.823662495870187,3.823662495870187
3.336670518319201,3.3366705183192007
4.052533088244577,4.052533088244577
4.685247267262035,4.685247267262037
3.1533700246546523,3.153370024654656
3.5393796622909033,3.5393796622909033
3.9050852554394897,3.9050852554394906
3.1476417222054915,3.1476417222054898
3.428462505878038,3.4284625058780382
3.19420268255012,3.1942026825501193
2.399092785163013,2.3990927851630097
3.618087561084359,3.6180875610843595
2.6258524778840155,2.6258524778840147
3.0177158954795282,3.01771589547953
3.026174076376178,3.0261740763761766
2.829190662058641,2.829190662058641
3.065881279183524,3.0658812791835244
2.8793944363480812,2.8793944363480835
3.5884794186264446,3.588479418626444
2.861039937851775,2.8610399378517757
3.221613976569543,3.221613976569543
3.6659153340354997,3.665915334035504
3.1857412631871855,3.1857412631871806
2.372071126434927,2.372071126434929
2.901957721315348,2.901957721315346
3.5832087446126963,3.5832087446126932
4.471973730358365,4.471973730358362
3.8511468522701633,3.851146852270162
3.5889700488325933,3.5889700488325955
3.762259545555095,3.7622595455550965
3.527028250228375,3.5270282502283745
2.796947516946412,2.7969475169464126
2.6909383109867293,2.6909383109867315
3.387352842972025,3.3873528429720223
3.30876340430155,3.3087634043015486
4.19008347194239,4.190083471942389
3.0453526051154474,3.045352605115448
3.6309812564168538,3.630981256416853
4.621318320904023,4.621318320904026
2.9591242734478667,2.9591242734478675
3.5763638037679466,3.5763638037679457
3.577938633423159,3.5779386334231598
3.7595249991133985,3.759524999113399
3.1569371168104197,3.15693711681042
2.880810936033661,2.8808109360336607
4.309124036624165,4.309124036624169
2.975016594054581,2.975016594054577
4.219558871043678,4.219558871043677
2.7535662895957276,2.753566289595727
4.145310483279595,4.145310483279598
3.8091605407898297,3.8091605407898292
3.377533889835421,3.3775338898354255
3.2384424693422074,3.2384424693422047
2.612271910760349,2.61227191076035
2.313009276879154,2.3130092768791517
4.0185408686700335,4.0185408686700335
2.9135492879426756,2.913549287942676
2.8405387879709223,2.840538787970922
2.8086010672008683,2.808601067200865
3.670336193505722,3.670336193505719
2.9874798057630056,2.987479805763007
4.403626173364612,4.4036261733646125
3.713400332308304,3.7134003323083045
2.5014705063434883,2.5014705063434888
5.113806810072501,5.1138068100725
4.511282244346898,4.5112822443469
3.106960767745994,3.1069607677459903
3.1256224511230193,3.1256224511230197
3.2131351481128942,3.213135148112893
5.258875305265041,5.25887530526504
3.6832484742081193,3.683248474208118
2.7937078803166506,2.7937078803166484
3.4837658943863423,3.4837658943863414
4.065102541133826,4.0651025411338235
3.27946172340114,3.2794617234011376
3.6145229053694448,3.6145229053694408
3.446869568375041,3.4468695683750417
3.9921147838649556,3.9921147838649564
2.9112812981616893,2.911281298161689
2.166485664636807,2.1664856646368063
2.4663038531006243,2.4663038531006247
2.8835566073494547,2.8835566073494574
3.2456042197515913,3.2456042197515895
3.5538074048044073,3.5538074048044077
3.758098147030001,3.7580981470300054
3.1526097650075076,3.152609765007508
3.6507573432972538,3.650757343297252
3.007398518142138,3.0073985181421388
3.086258053903618,3.0862580539036175
2.738274009962719,2.7382740099627196
4.349672428619148,4.349672428619149
3.0310679851501483,3.03106798515015
3.658724273270638,3.6587242732706375
3.3880364430763463,3.388036443076346
4.380867862534734,4.3808678625347355
3.4752452903082065,3.475245290308206
3.467417181735366,3.4674171817353647
3.855580511857727,3.8555805118577293
3.151622353777327,3.151622353777329
3.8641929106653126,3.864192910665313
2.898234771556703,2.8982347715566994
4.832337260840539,4.8323372608405375
2.4844401340439863,2.484440134043986
3.6385878309252138,3.6385878309252098
2.5438017377023057,2.543801737702306
4.132736047764769,4.1327360477647685
3.0400583804974204,3.0400583804974204
2.5912879297554787,2.591287929755479
2.904366267117421,2.90436626711742
3.523763488039227,3.5237634880392252
2.5964576965164645,2.596457696516465
3.8601130369597665,3.8601130369597625
3.5937101604280492,3.59371016042805
3.969472684589256,3.9694726845892525
3.164400421032029,3.1644004210320276
3.7547272784330428,3.754727278433042
3.7487697742947863,3.748769774294788
4.598761114429255,4.598761114429255
3.8583641036361875,3.858364103636187
3.070874243483484,3.0708742434834857
3.833200729438314,3.833200729438314
3.515366278441039,3.5153662784410393
2.9491226005688937,2.9491226005688906
4.247141595132334,4.247141595132334
3.40299442753315,3.402994427533151
3.334116442374059,3.334116442374059
2.908635906988288,2.9086359069882883
3.2948304583025045,3.2948304583025068
3.095445668925022,3.095445668925022
3.406214008764758,3.4062140087647585
3.4964074109458654,3.4964074109458654
4.360731411371368,4.360731411371368
3.182180476867678,3.182180476867676
3.027303782733785,3.0273037827337843
3.1520297655758145,3.152029765575816
2.8847903335882648,2.8847903335882643
2.6255271972535423,2.625527197253544
3.964017146686245,3.96401714668625
3.552298851602933,3.5522988516029326
3.5409539002368304,3.540953900236829
3.641548603498276,3.641548603498277
4.51084085749978,4.51084085749978
2.931182948396924,2.931182948396925
3.8511122082928115,3.851112208292811
3.4915731943045176,3.4915731943045163
3.4786910442628365,3.4786910442628374
3.4198438509193276,3.4198438509193263
3.768370892486978,3.7683708924869777
3.874730481222375,3.8747304812223726
3.6436320394910067,3.643632039491007
3.452080393916839,3.452080393916836
2.674644815765881,2.674644815765883
3.389108993328355,3.3891089933283554
3.0265180602009543,3.0265180602009556
3.3045919697285533,3.304591969728552
3.0154605474254463,3.015460547425448
4.3163324562579355,4.316332456257932
3.5527284954477025,3.5527284954477034
2.8032787962829366,2.8032787962829366
2.8940840714184035,2.894084071418404
3.0478383754829976,3.047838375482997
3.4694065728635604,3.4694065728635595
3.903643539951491,3.9036435399514966
3.3894010293408807,3.389401029340883
4.0509459514025385,4.05094595140254
4.186183628401435,4.186183628401435
4.558980655163079,4.55898065516308
3.576364564235568,3.5763645642355666
2.847638995287065,2.847638995287064
3.6072340502390774,3.6072340502390783
3.647938024735604,3.6479380247356046
3.5926099888658656,3.592609988865864
3.791040521329736,3.7910405213297356
3.1764700007921083,3.1764700007921074
4.858893949912585,4.8588939499125825
4.133390744218713,4.1333907442187146
2.576769743304582,2.57676974330458
3.3310610043051185,3.3310610043051208
3.420594918335658,3.4205949183356585
3.5266021176995284,3.526602117699529
3.7929887153902038,3.7929887153902078
4.892239245760378,4.89223924576038
2.9164466966232054,2.916446696623205
3.790065098665007,3.7900650986650093
2.9116350765523085,2.9116350765523054
2.7945982843334813,2.7945982843334805
2.5414903002326144,2.5414903002326144
2.867666460692579,2.8676664606925746
3.6516316453170314,3.6516316453170328
2.756478862729653,2.7564788627296553
2.583224269970883,2.5832242699708807
3.735367137512712,3.7353671375127115
2.8967534989141455,2.896753498914146
3.408269215437716,3.4082692154377137
4.984414566795231,4.984414566795234
3.4114910677677526,3.411491067767755
4.004494368277384,4.004494368277387
2.902896313346868,2.9028963133468704
5.26139405720275,5.26139405720275
3.3689657738715533,3.3689657738715546
3.6102820840303274,3.6102820840303256
3.0154770206294974,3.015477020629497
2.7174903796402714,2.717490379640272
3.579819642807967,3.5798196428079705
3.3413851446069085,3.3413851446069094
3.0670203949314057,3.067020394931407
2.34988704256609,2.3498870425660856
3.8820537177393777,3.8820537177393755
3.3296376910944776,3.329637691094474
3.510070401608709,3.510070401608706
4.358519946063089,4.358519946063089
3.9326372959333344,3.932637295933337
3.8634312824017623,3.863431282401762
3.9260366783253597,3.926036678325362
3.14147733749058,3.14147733749058
2.708601685077675,2.7086016850776735
3.8843006725804083,3.884300672580406
3.9883343464562286,3.9883343464562313
3.107705922441378,3.1077059224413786
4.334123897901477,4.334123897901479
2.914838232923756,2.9148382329237545
2.99206436745213,2.99206436745213
2.57378718166083,2.5737871816608298
3.355980250216438,3.3559802502164375
3.9897875463983627,3.9897875463983605
2.9547105222248273,2.954710522224828
2.7004336287765476,2.7004336287765476
3.195416037174224,3.1954160371742235
3.2183257594320973,3.218325759432098
3.7182894286534203,3.718289428653424
3.7284659515179714,3.728465951517972
3.6765675338802346,3.6765675338802333
3.0433396518101037,3.0433396518101032
3.5452079042478206,3.5452079042478215
2.910199979603465,2.910199979603467
2.860647127943927,2.8606471279439254
2.696041091278314,2.696041091278312
3.634821786207573,3.6348217862075756
3.418628234279755,3.4186282342797547
3.3065178128793833,3.3065178128793855
4.178856248022885,4.178856248022887
3.2192168798093,3.2192168798092986
2.901850481786252,2.9018504817862514
3.6883331550671214,3.6883331550671183
3.4632412442259786,3.4632412442259755
3.3686754899257068,3.3686754899257094
4.295901845191147,4.295901845191148
2.5044765781910523,2.504476578191052
3.6538668579645375,3.653866857964535
2.881915507972152,2.8819155079721526
2.8427216604775443,2.842721660477545
2.4605835382756323,2.4605835382756336
3.1068723456399634,3.1068723456399616
3.2180271880417917,3.2180271880417903
2.963353586111593,2.9633535861115945
4.073343045365514,4.073343045365514
3.8111351966848157,3.811135196684816
3.517768867479256,3.5177688674792558
3.055443680043434,3.055443680043435
3.4901027893763357,3.4901027893763357
3.4322562096864977,3.4322562096864973
4.596556031898426,4.596556031898425
3.363586624536031,3.3635866245360297
3.5726992367792634,3.5726992367792656
4.042968125111394,4.042968125111395
3.2755643253596243,3.2755643253596265
4.444500643472278,4.444500643472274
3.1884112273137686,3.18841122731377
3.7508688899904423,3.7508688899904437
4.297981729677171,4.29798172967717
2.892000662057736,2.892000662057738
4.149659431497239,4.14965943149724
3.112363538726458,3.1123635387264583
3.4620888430943033,3.4620888430943033
3.8080098016323856,3.8080098016323856
4.4728532274478905,4.47285322744789
4.8741957006185155,4.874195700618512
4.0703777444372475,4.070377744437252
4.642346098578227,4.642346098578228
2.8720095591473083,2.8720095591473056
2.724179258310787,2.724179258310786
2.9992876456659268,2.999287645665927
3.286746453349727,3.286746453349725
4.835702088522121,4.835702088522121
3.127585480727763,3.127585480727763
2.342200986340201,2.3422009863402016
2.6897134393611193,2.68971343936112
4.272014369871039,4.272014369871039
3.3120897112507763,3.3120897112507803
3.778733940058886,3.7787339400588835
3.598965981624632,3.5989659816246324
3.2136158976109637,3.213615897610963
5.098515633975373,5.098515633975374
3.4170747865875435,3.417074786587544
3.3961554937158573,3.396155493715856
3.0545625224693294,3.054562522469327
4.249739592361796,4.249739592361796
3.4945858019161946,3.4945858019161924
3.1772970140888277,3.177297014088829
3.06994706890441,3.069947068904413
5.277923954228276,5.277923954228274
3.251859884921519,3.251859884921519
3.5813894089741307,3.5813894089741307
2.5410892963420593,2.541089296342056
3.475460724711492,3.4754607247114926
2.681701518204751,2.6817015182047506
3.7876877503592734,3.7876877503592743
4.066002231705419,4.0660022317054185
3.6747287448344745,3.674728744834476
3.9394613538245458,3.939461353824548
2.4848923698103973,2.484892369810398
4.608864597062766,4.608864597062765
2.368764251418621,2.3687642514186242
3.048331003981461,3.048331003981458
3.6457717679984825,3.6457717679984794
2.9985842678038996,2.998584267803899
3.1210583014350077,3.121058301435005
2.8295584296629275,2.829558429662929
5.32247997491451,5.3224799749145095
4.321587336779685,4.321587336779688
3.4328740643626094,3.4328740643626094
2.7735134769389815,2.7735134769389838
3.340296704772046,3.3402967047720473
2.59436659790321,2.5943665979032073
2.8808250525639445,2.880825052563944
3.388657476366078,3.3886574763660784
4.164016099121686,4.164016099121685
2.794095883589604,2.7940958835896046
4.5283837921169985,4.528383792116998
2.8707628831083434,2.870762883108344
2.7284790648501236,2.728479064850128
2.818960035531715,2.818960035531716
2.6490023231104267,2.6490023231104285
2.9994416818548575,2.999441681854857
3.2524141064762966,3.252414106476295
4.537356480125186,4.537356480125185
3.2508470468697226,3.250847046869725
3.1398037434953596,3.13980374349536
2.8894014513059183,2.8894014513059156
3.138255151860406,3.138255151860406
3.856998269032092,3.8569982690320908
2.7193099123269477,2.71930991232695
2.7920015298903142,2.7920015298903094
3.097873510892878,3.097873510892877
4.2751468163801185,4.2751468163801185
3.5647555483907163,3.564755548390718
3.6662554466004305,3.666255446600431
3.472917277632584,3.472917277632587
4.257379547459981,4.257379547459981
3.5334044220466843,3.5334044220466834
5.228020116422585,5.228020116422588
2.55400421726784,2.5540042172678405
3.2612956230365957,3.2612956230365993
3.8043958286866,3.804395828686602
3.2887507765455903,3.288750776545589
3.6075968479807656,3.6075968479807674
3.1607756078953764,3.1607756078953777
2.838321979712456,2.838321979712455
2.995515894250248,2.995515894250246
2.3527655498046025,2.3527655498046016
2.5876871171799944,2.587687117179996
2.571752866063676,2.5717528660636773
3.5605095847224746,3.5605095847224733
3.2168361263493797,3.2168361263493797
3.558862714099746,3.558862714099746
2.6238099913866715,2.62380999138667
3.3118079296736678,3.3118079296736673
3.2622315419789754,3.2622315419789727
2.898006135082605,2.898006135082606
4.519895998823693,4.519895998823694
3.064011541262353,3.0640115412623548
3.160714341601944,3.160714341601942
3.6873086068229566,3.687308606822957
4.516792665523256,4.516792665523253
4.365704887389856,4.365704887389855
4.699229860702733,4.699229860702732
3.3309309731484102,3.33093097314841
2.6452332567286407,2.645233256728643
3.9156795624035285,3.9156795624035263
2.57607428304423,2.5760742830442327
3.4904138760623193,3.4904138760623162
4.011298076216963,4.011298076216962
3.7985888682653766,3.798588868265375
3.5075985710753534,3.5075985710753512
4.58840299922205,4.588402999222048
3.5636333341694755,3.5636333341694773
3.3172909193946367,3.317290919394636
2.8091026327306885,2.8091026327306876
4.191607410379908,4.19160741037991
4.697946186207263,4.697946186207263
3.545391097188581,3.545391097188581
2.4912479747629797,2.491247974762981
3.0502476319823244,3.050247631982324
3.6489446472511258,3.6489446472511267
2.992482338342409,2.9924823383424073
3.8269500100128,3.8269500100128004
3.134201121039529,3.1342011210395286
3.03000333073383,3.0300033307338308
3.088748195698875,3.0887481956988774
3.230354326532836,3.230354326532834
2.611469317251001,2.6114693172510024
3.6732995353646616,3.6732995353646607
3.581127479120735,3.5811274791207364
3.557444763513304,3.557444763513299
3.2083018707458275,3.208301870745828
3.764169216783914,3.7641692167839143
3.9365180449207346,3.936518044920735
3.255846402463695,3.255846402463693
3.058463566275554,3.0584635662755555
1.9696544558495201,1.9696544558495184
3.3789796443311264,3.3789796443311255
3.169216063927635,3.169216063927635
4.262170360342474,4.262170360342475
3.7735663205742007,3.7735663205742043
4.320207042701833,4.320207042701835
3.3200500057682274,3.3200500057682287
2.022272250352476,2.022272250352472
3.0184019694900464,3.0184019694900464
3.0535359709395444,3.053535970939544
2.9222422221392055,2.9222422221392073
3.040122696439559,3.040122696439557
3.0775988738317372,3.077598873831739
2.660466135386356,2.6604661353863555
3.5133467806073866,3.513346780607386
2.573616824994754,2.573616824994753
3.532094447260888,3.532094447260887
3.274104424620372,3.2741044246203694
3.2841827833007287,3.284182783300726
3.3533047593440273,3.353304759344028
2.645924590329505,2.6459245903295003
5.377319602039435,5.377319602039439
4.393301316355902,4.393301316355902
3.4446190750326995,3.4446190750327035
4.801048444937712,4.801048444937714
2.3719052371001257,2.371905237100129
2.6516080072118844,2.6516080072118875
3.214830973568237,3.2148309735682377
3.6033297986075397,3.603329798607537
3.018694402364879,3.0186944023648765
3.6435316564438995,3.6435316564439004
3.2843204066392633,3.284320406639263
3.448813106206728,3.448813106206728
3.8308298546080497,3.8308298546080493
4.396086570176739,4.396086570176742
4.162151178441319,4.16215117844132
3.1269031677987456,3.126903167798747
2.8370453002470786,2.8370453002470803
4.085586163236755,4.085586163236755
3.975539171272363,3.975539171272361
3.8311562630139826,3.831156263013985
3.500868351425469,3.5008683514254693
3.9609811571832325,3.9609811571832365
2.849167621666854,2.8491676216668553
2.5343536296253553,2.534353629625355
4.458919400376435,4.458919400376432
3.8564209672982486,3.8564209672982477
3.6054895691760076,3.6054895691760094
3.286157420066766,3.286157420066769
4.089895787635702,4.089895787635701
2.5305053549801944,2.5305053549801935
3.2463552820074795,3.2463552820074764
3.7621802119639134,3.762180211963912
3.4675688989298856,3.467568898929885
3.591789011743737,3.5917890117437374
2.670318295171698,2.6703182951717013
2.907323654274819,2.9073236542748173
3.1520886071259393,3.1520886071259415
2.8534981277358984,2.8534981277358993
3.2424743412901815,3.2424743412901815
3.5936997152512924,3.593699715251292
3.559974501167337,3.559974501167334
4.071237298002789,4.071237298002788
2.1705926321166067,2.1705926321166062
3.159333806674219,3.15933380667422
5.968437443882639,5.968437443882642
2.446363657296956,2.4463636572969554
3.4214417625965194,3.42144176259652
2.7904604176962136,2.7904604176962144
2.7735745153545497,2.7735745153545475
2.8613205941865396,2.8613205941865374
3.657149376087851,3.65714937608785
3.1402716048030723,3.14027160480307
3.1426557817465226,3.1426557817465213
3.4983136724214368,3.498313672421438
3.429997727429292,3.4299977274292957
2.597745217484306,2.5977452174843068
2.3950377419312177,2.3950377419312177
2.890731755159065,2.8907317551590657
3.304307372908309,3.304307372908312
3.2304092221392877,3.2304092221392864
3.8139219868034355,3.813921986803436
3.1614428821162104,3.1614428821162104
2.971728351843819,2.971728351843821
2.4751931126928683,2.4751931126928675
3.6830019302377957,3.6830019302377948
3.136064999036616,3.1360649990366163
3.186838318654807,3.186838318654806
3.139309966631124,3.139309966631121
3.3522586890668005,3.3522586890668005
2.411943235964039,2.4119432359640385
3.19894789674732,3.1989478967473195
2.4870058702582107,2.487005870258213
2.641877410615391,2.6418774106153906
3.4522404448432327,3.4522404448432322
2.6290608211638817,2.62906082116388
4.740159076244399,4.740159076244399
2.2006891812724128,2.2006891812724128
3.511106479043118,3.5111064790431166
2.5915957082231764,2.591595708223176
4.333444995669738,4.333444995669735
3.048232742824892,3.0482327428248928
3.0933710380985264,3.0933710380985273
3.2457688379583387,3.245768837958339
3.9202551902945886,3.9202551902945855
2.661655384223257,2.6616553842232573
2.8770850655698013,2.8770850655698
2.5479168046965635,2.5479168046965635
3.7397791868199004,3.739779186819903
3.1960049952367164,3.1960049952367156
4.139207235486002,4.139207235486
4.9257059537915415,4.925705953791544
3.511263016473246,3.511263016473242
3.3912531662752703,3.3912531662752685
3.0235698186109228,3.0235698186109237
3.567168357636309,3.5671683576363136
3.7991380105835972,3.799138010583598
3.749644448198391,3.7496444481983913
2.693768027584401,2.6937680275844005
2.840119543306095,2.840119543306095
2.724371824046006,2.7243718240460053
3.1749170389909462,3.1749170389909476
2.586448282993858,2.586448282993857
4.159334191623807,4.159334191623809
2.969025392079512,2.969025392079516
2.409290070986704,2.409290070986705
3.3854411010273675,3.385441101027366
2.6994581283576085,2.6994581283576062
3.3743607683902836,3.374360768390285
3.209573259256938,3.209573259256936
5.15207810650224,5.152078106502238
3.942661901377271,3.9426619013772717
2.7673512393968074,2.767351239396807
3.0775679231034623,3.0775679231034623
3.5593748084586814,3.559374808458682
3.5850988847074663,3.5850988847074703
3.751573409494481,3.7515734094944797
3.4711487103098975,3.4711487103098975
2.703720163745677,2.703720163745677
3.1122454025794344,3.1122454025794326
2.531629553304552,2.5316295533045556
3.775572532542455,3.7755725325424585
2.5462838304185116,2.54628383041851
3.896470024531988,3.8964700245319874
2.4473315709985255,2.447331570998524
3.1476293655729095,3.14762936557291
3.5414307284153215,3.5414307284153246
3.5428585608930323,3.542858560893028
3.09976474075591,3.0997647407559095
4.2908831139693975,4.290883113969398
2.97587754570209,2.97587754570209
5.098504952179571,5.098504952179571
3.4435665926460395,3.4435665926460377
3.387493376652128,3.3874933766521274
2.6779362422656683,2.677936242265666
3.531969455584154,3.5319694555841536
2.6552889916150075,2.6552889916150084
2.5893523383736876,2.589352338373689
3.0512143632648763,3.0512143632648767
1.911687486530507,1.911687486530509
2.9473764971323617,2.947376497132365
3.88597938656453,3.885979386564531
2.4517717245640043,2.451771724564005
2.8010146629371317,2.8010146629371317
3.2826275816600456,3.282627581660042
2.4979800064429147,2.4979800064429147
3.4845126665053154,3.484512666505316
2.36842595133395,2.3684259513339487
3.1077862644779124,3.1077862644779137
4.503686852674737,4.503686852674735
2.7321888743725964,2.7321888743725977
5.642446081348758,5.642446081348755
3.253021192936421,3.253021192936422
3.693561487075217,3.6935614870752165
3.0139073327452546,3.013907332745255
3.5604795081389824,3.5604795081389846
3.0996966043127654,3.099696604312764
2.8997885451231844,2.8997885451231857
3.846167194619371,3.8461671946193716
3.0550873878450964,3.0550873878450955
3.9766413796519835,3.9766413796519844
2.93011378950815,2.9301137895081517
3.3493363068832083,3.3493363068832123
3.7295460538108642,3.729546053810867
4.213441038220965,4.2134410382209655
3.0556927019282596,3.05569270192826
3.3823066243058313,3.3823066243058326
4.219079195152715,4.219079195152718
2.9313006099161023,2.931300609916103
2.4144023004731228,2.4144023004731245
4.892252567413315,4.892252567413314
5.251676960924548,5.25167696092455
3.0338666890636588,3.0338666890636565
3.7885697281690263,3.788569728169028
3.0223550076381684,3.0223550076381693
3.2651932704033393,3.265193270403338
3.774929804830006,3.774929804830007
2.9910072595483403,2.9910072595483403
3.7152019495807593,3.7152019495807567
2.606614248895062,2.6066142488950597
2.502412441023003,2.5024124410230044
4.383849569872409,4.383849569872407
3.037706040744205,3.037706040744204
4.5060231462943365,4.5060231462943365
3.73134800664371,3.73134800664371
4.642724307315244,4.642724307315245
3.5240762312755263,3.524076231275531
3.380431386027796,3.380431386027798
3.5291070477839166,3.5291070477839153
4.234043130925383,4.234043130925379
3.8246910396194895,3.8246910396194913
3.1955367298248203,3.195536729824819
3.7098620186571387,3.7098620186571374
3.592120537472448,3.592120537472449
3.100390776995402,3.100390776995401
2.9797744366083947,2.9797744366083934
3.6195140842327596,3.61951408423276
3.4076559962106585,3.407655996210658
4.039184547458926,4.0391845474589285
2.1975639740553525,2.1975639740553516
2.76089016022328,2.760890160223278
3.3232239229691203,3.3232239229691225
3.874055711996972,3.8740557119969665
4.489722789437384,4.48972278943738
2.9000801463859958,2.900080146385994
2.5502881254404457,2.5502881254404444
2.5973353867593616,2.59733538675936
3.1597669288591823,3.159766928859181
5.160069384744248,5.160069384744247
3.5770803217579012,3.577080321757901
3.5740862282800188,3.574086228280018
3.2086252275887155,3.208625227588718
4.306255067048809,4.306255067048809
4.67111114960731,4.671111149607308
4.191331957476412,4.191331957476413
3.542571227537991,3.5425712275379957
3.661343325267691,3.6613433252676932
3.3126904084172857,3.312690408417284
3.0968096419330684,3.0968096419330635
3.8412442914473197,3.84124429144732
2.710693724949548,2.710693724949549
3.600859068679741,3.6008590686797444
2.8519023628219444,2.8519023628219458
5.722622262591693,5.722622262591697
3.2155092861252057,3.2155092861252017
4.0012020566820015,4.001202056682001
3.9792438477897907,3.9792438477897925
3.2456960236642343,3.245696023664237
3.0093411649825583,3.009341164982557
4.430545061584431,4.430545061584429
4.122293402506789,4.122293402506788
4.165077504678373,4.165077504678374
2.795508275904483,2.795508275904483
3.5922466322325772,3.592246632232577
3.151390005479859,3.1513900054798594
4.63132996759346,4.6313299675934605
1.7842180050747964,1.784218005074796
3.0483102732473255,3.048310273247326
3.8098832957930107,3.8098832957930124
3.24204575696378,3.2420457569637797
4.395670720377531,4.395670720377532
2.8457882534652015,2.8457882534652015
2.818708281882611,2.8187082818826115
3.5599374601518488,3.5599374601518523
3.027358452446233,3.0273584524462347
3.527043932559289,3.5270439325592884
2.3681306485247515,2.3681306485247493
2.8559808095967596,2.8559808095967574
2.0518214533502124,2.051821453350211
3.339443337437847,3.339443337437846
3.773509294572179,3.7735092945721815
3.168865200795164,3.1688652007951648
2.414474524145984,2.414474524145984
4.638244739327347,4.638244739327346
2.536121769570895,2.536121769570895
3.3736564108867344,3.373656410886734
2.99596024129368,2.995960241293681
4.280109558598886,4.2801095585988875
3.4843639366429944,3.4843639366429944
3.481866669047252,3.481866669047248
2.142732781888359,2.14273278188836
3.129609616798802,3.1296096167988017
3.504991718419625,3.5049917184196238
4.48815099350137,4.48815099350137
4.0683078144797244,4.068307814479727
3.2674921371236287,3.2674921371236256
4.223299731421036,4.223299731421035
3.7149994489752767,3.714999448975277
6.007663778152286,6.007663778152282
3.6467267632891684,3.646726763289175
2.9055345987454655,2.9055345987454637
3.427961987982837,3.4279619879828336
2.553359625650979,2.5533596256509785
3.253446074178091,3.253446074178089
4.029634324589284,4.029634324589285
3.316397324587467,3.3163973245874647
3.396711060143769,3.396711060143767
4.165603383853096,4.165603383853094
3.101445611784967,3.1014456117849676
3.7228481180557487,3.7228481180557464
3.3161309168499162,3.3161309168499185
3.1643543848838416,3.164354384883842
2.869331967183973,2.8693319671839723
2.7842117922083,2.7842117922083
4.08174691981714,4.081746919817144
2.8245572959562524,2.824557295956253
2.6188512476221697,2.618851247622171
1.9645257337105047,1.9645257337105027
3.111243522186238,3.111243522186239
2.8184977704593166,2.8184977704593157
2.995344175067457,2.9953441750674594
3.7803771520349922,3.7803771520349922
3.4942706122975196,3.4942706122975187
3.069359094329321,3.0693590943293216
3.1769264634436927,3.1769264634436913
3.2740986367319533,3.2740986367319502
2.4339685366756036,2.433968536675602
2.794976017807613,2.7949760178076097
2.898541182210557,2.8985411822105567
2.343514811689653,2.3435148116896505
3.7483946001189943,3.7483946001189956
2.733932117974728,2.7339321179747262
2.903908574307549,2.9039085743075503
3.6399982200989207,3.639998220098924
2.2935745712814684,2.2935745712814706
3.6518915104063363,3.651891510406333
2.777209924215135,2.777209924215137
3.0639954499865603,3.0639954499865603
3.176028133239227,3.1760281332392264
3.4708082439140426,3.47080824391404
3.160645519865994,3.160645519865997
2.9797473196513624,2.9797473196513637
4.605963279404421,4.6059632794044205
3.04386132358175,3.0438613235817495
3.0116733654696817,3.011673365469681
4.260425565642745,4.260425565642744
3.6253071293738053,3.625307129373806
3.4568916205842997,3.4568916205842997
3.18172652032202,3.1817265203220195
3.9153381290838687,3.91533812908387
2.622730077954052,2.6227300779540546
4.033264027724917,4.0332640277249165
2.958423422236841,2.958423422236839
2.744214286635545,2.744214286635545
2.3441179212832064,2.344117921283204
3.1309163856638924,3.13091638566389
3.3457640135378246,3.345764013537821
4.007944298678223,4.00794429867822
4.32764647927445,4.327646479274452
2.1855461503778435,2.185546150377843
3.4161148298080444,3.416114829808042
3.6815178431472795,3.6815178431472795
2.25802660574154,2.258026605741539
2.938574073175525,2.9385740731755243
4.13931254627658,4.13931254627658
3.1449342976766848,3.1449342976766843
4.224734383197716,4.224734383197717
3.310610804839472,3.3106108048394702
2.769894314890059,2.7698943148900597
3.2367361599214544,3.2367361599214552
2.9305472737189793,2.93054727371898
4.188485386907288,4.1884853869072876
3.1932545781751753,3.1932545781751758
2.8670091740763284,2.8670091740763284
3.4420665193746633,3.442066519374668
3.761851402509792,3.7618514025097882
3.266152852661176,3.266152852661177
3.1654783794213674,3.1654783794213674
3.4918561762792515,3.4918561762792515
3.6224428716870913,3.622442871687092
3.1407157130147287,3.1407157130147314
2.9609613770783887,2.960961377078392
3.228912219502762,3.228912219502761
2.9552238065681458,2.9552238065681427
3.866683683461362,3.8666836834613623
2.555675754483476,2.555675754483473
2.5852137970314626,2.585213797031466
3.566163700204956,3.566163700204954
4.5644845404337095,4.56448454043371
3.0336366116101403,3.0336366116101376
4.051150695438517,4.0511506954385155
2.8342886010342077,2.834288601034204
2.6754256491886323,2.6754256491886337
3.34377048064769,3.343770480647689
4.456039123420423,4.456039123420425
3.018033098302521,3.0180330983025203
3.2349328373317774,3.2349328373317774
2.358427457099452,2.3584274570994523
3.000004753113769,3.0000047531137684
4.565285199999672,4.565285199999674
3.3245246101495973,3.3245246101495978
3.030263453978156,3.0302634539781574
3.741613920368756,3.741613920368758
3.1188837134971057,3.118883713497105
5.116555338570206,5.1165553385702065
3.5009668155871587,3.5009668155871587
1.8663763109938838,1.8663763109938807
3.42653307428384,3.4265330742838405
3.2438153786109205,3.2438153786109196
3.473388983138421,3.473388983138424
2.8256927426729526,2.8256927426729526
4.288216086391735,4.288216086391735
3.704377953255285,3.7043779532552836
4.529433094354714,4.529433094354713
2.4779927840768163,2.4779927840768172
3.2685480464504746,3.2685480464504737
2.3638273925412654,2.363827392541264
3.1374605291718125,3.1374605291718147
3.455694543889551,3.4556945438895497
3.8241626870757646,3.8241626870757637
3.6150513057157947,3.6150513057157947
3.3001990015147578,3.3001990015147555
2.355066717743835,2.355066717743835
3.6501610166428886,3.650161016642889
3.0267007588936785,3.0267007588936763
3.9811826344055756,3.9811826344055756
2.6742792168675913,2.6742792168675917
3.7728432053732344,3.772843205373236
2.6330874832330484,2.633087483233047
5.0285187289605435,5.028518728960545
2.4145678494389458,2.41456784943895
2.3938195981935917,2.393819598193592
3.3395881771860796,3.3395881771860783
3.4778734315411524,3.4778734315411497
3.1886420379564897,3.188642037956492
2.709082588016056,2.7090825880160567
3.0956940714694547,3.095694071469455
3.099829511827531,3.099829511827537
5.358070103987728,5.3580701039877265
3.4389194631652713,3.4389194631652726
3.4754909300741588,3.4754909300741588
2.7916816655664394,2.7916816655664376
4.161193203672005,4.161193203672008
3.4707047482777647,3.470704748277765
3.0885881732078917,3.0885881732078895
3.2206743374416997,3.2206743374416993
3.291134741318881,3.2911347413188814
2.8182619993279037,2.8182619993279054
2.7251479396729166,2.725147939672915
4.030969654840432,4.030969654840433
4.721200687841428,4.721200687841428
2.5798419257946104,2.579841925794611
3.1782543425226364,3.178254342522636
3.5206836904668832,3.52068369046688
3.8777498098589276,3.877749809858928
3.2370051380242923,3.2370051380242923
2.99684625527074,2.996846255270738
2.1562689092408602,2.1562689092408593
4.344712218911769,4.344712218911772
2.75929754601608,2.7592975460160787
3.0196922677620655,3.019692267762067
4.359814751548051,4.359814751548051
3.6370991003861364,3.637099100386134
3.498756086734224,3.4987560867342244
2.9327510534801124,2.9327510534801107
2.910800356450405,2.9108003564504035
3.234323173106787,3.234323173106785
4.724347747241746,4.724347747241744
3.627013425833224,3.6270134258332254
3.2069685650548507,3.2069685650548503
2.183359736002649,2.183359736002648
3.8103955937573573,3.810395593757355
3.9385874597610866,3.9385874597610853
3.9458562014778047,3.945856201477806
3.3480853154634747,3.3480853154634755
3.3153997015107337,3.3153997015107346
3.3784174333344676,3.378417433334468
3.6194055237151677,3.6194055237151668
2.7127130400952826,2.712713040095281
2.6488113820282173,2.6488113820282195
3.4844173311701536,3.4844173311701505
3.567596102811756,3.567596102811756
2.961775788024228,2.961775788024223
2.276015851854569,2.2760158518545683
3.9176331147284142,3.9176331147284147
3.4791085971937803,3.47910859719378
2.775792186722528,2.7757921867225273
3.5835651097920014,3.5835651097920014
2.5988157642814413,2.5988157642814382
3.7564102587805603,3.7564102587805612
4.8510543338542,4.851054333854201
2.7698935057722953,2.7698935057722975
2.6531886593475016,2.653188659347503
3.983169448607358,3.983169448607361
3.169432163013592,3.169432163013591
2.8487802946327947,2.848780294632797
3.177644250228498,3.177644250228498
4.889998114754282,4.889998114754283
3.035284558803358,3.0352845588033563
2.1638435664802818,2.1638435664802813
3.010744426502447,3.010744426502445
3.5551893735857454,3.5551893735857454
3.6772413043617385,3.677241304361737
3.2096594291591134,3.209659429159114
3.949662120747534,3.9496621207475373
4.145357334538532,4.145357334538533
4.756426177224871,4.7564261772248715
2.6618817533276675,2.661881753327668
3.256630800808029,3.2566308008080314
4.978595818064229,4.978595818064232
3.129534805382034,3.129534805382036
3.642785916284312,3.6427859162843124
3.630762404453065,3.6307624044530624
2.7607923458957475,2.760792345895742
4.1670786104860085,4.167078610486005
3.5395578372203995,3.539557837220399
3.05737910886457,3.057379108864569
4.252599504138595,4.252599504138594
3.998822039127926,3.998822039127925
2.4809693832602657,2.480969383260266
4.05761441068222,4.057614410682221
3.2165288012724944,3.2165288012724975
4.47374738543121,4.473747385431209
4.1197406182930765,4.119740618293076
4.072512673944469,4.072512673944466
3.207656124911168,3.2076561249111726
3.9251937495008904,3.925193749500889
2.5697233406945874,2.5697233406945883
4.02958456132779,4.029584561327789
4.1705482762496695,4.170548276249669
3.3298314914716607,3.3298314914716594
3.476602567811072,3.476602567811069
2.876005377226374,2.8760053772263765
4.162843089365804,4.162843089365804
2.4449391497275452,2.444939149727545
2.612664170839018,2.612664170839017
4.226113953242869,4.226113953242872
3.7254321149030862,3.725432114903083
3.0807813637576804,3.0807813637576826
3.9775636331674282,3.977563633167427
4.188238632368585,4.188238632368583
3.186724399201399,3.1867243992013994
3.5797535691737994,3.579753569173799
2.7308942957757636,2.7308942957757636
2.8868148603430783,2.8868148603430805
4.819609547124015,4.81960954712402
3.4414540348852083,3.4414540348852105
3.739299242063053,3.739299242063055
3.643967281950855,3.643967281950856
3.0840825430747074,3.084082543074709
2.54877635632046,2.548776356320461
4.2995641144070715,4.299564114407072
3.3331200233321905,3.3331200233321905
3.416536744548939,3.4165367445489396
2.84343207215977,2.843432072159768
3.260417976106016,3.2604179761060186
3.5484285715095587,3.548428571509557
2.988755822173328,2.988755822173328
2.928836434484376,2.928836434484379
4.0202356640234305,4.02023566402343
3.170258348320017,3.170258348320014
3.1641339413000185,3.16413394130002
2.2232358954681337,2.223235895468134
2.8310972320324503,2.831097232032451
4.333147252876457,4.333147252876456
2.213112027300945,2.2131120273009435
2.5801947405417955,2.5801947405417973
2.6397468170797724,2.6397468170797698
3.5717064701157626,3.5717064701157653
2.286549671870882,2.2865496718708815
4.577815434461643,4.577815434461644
3.3974800018457465,3.3974800018457474
2.960523712624173,2.960523712624175
3.763973587102997,3.7639735871029965
4.107220576945517,4.107220576945517
4.9464029983528235,4.9464029983528235
2.7605243446700793,2.760524344670079
3.3251064116476723,3.3251064116476736
3.7437121623629004,3.7437121623629004
4.616157977137209,4.616157977137208
3.1432205928249943,3.1432205928249966
2.9737124411718496,2.9737124411718536
3.263166030075108,3.2631660300751113
3.58716421622908,3.587164216229079
4.209878963407881,4.209878963407881
2.8911064310125227,2.8911064310125267
3.388390613095065,3.388390613095067
2.456631606110346,2.4566316061103475
4.501263295207652,4.501263295207651
4.258660383746623,4.258660383746625
3.0201361533008186,3.0201361533008195
2.9744765131344804,2.974476513134478
4.328840117594281,4.328840117594281
4.550233343829638,4.550233343829637
3.144026799401187,3.1440267994011855
3.9107279181407093,3.9107279181407075
3.7360642481227053,3.736064248122707
4.68554430462371,4.685544304623709
3.818954987939937,3.818954987939935
3.0489252590219134,3.0489252590219094
2.509000376071412,2.509000376071414
2.3011844664361636,2.3011844664361636
3.067925922930105,3.0679259229301055
3.4000436220326047,3.400043622032605
3.434151019974325,3.434151019974327
3.1169854076392514,3.116985407639251
3.8760501656159394,3.87605016561594
3.0553510794542658,3.055351079454266
3.3688049677502314,3.368804967750232
3.896305024345208,3.8963050243452084
3.6539547377398094,3.653954737739804
3.8299294375376367,3.8299294375376354
4.103335133466058,4.103335133466059
3.8107447949281537,3.8107447949281545
3.066763058645007,3.0667630586450088
2.6991783888632526,2.699178388863253
4.549081454347556,4.549081454347554
3.0158322568102496,3.015832256810251
3.050119356635756,3.0501193566357543
3.3187686199063613,3.3187686199063613
3.543256364934978,3.5432563649349795
3.2595009780801867,3.259500978080184
3.4898505307333116,3.4898505307333156
3.115895876389533,3.1158958763895344
3.6219829848293195,3.621982984829322
3.430362593555387,3.4303625935553876
4.311199001649432,4.311199001649428
2.217202981236675,2.2172029812366723
2.229849961679694,2.229849961679694
3.7283692261847903,3.7283692261847907
2.944305129906063,2.944305129906063
2.3990062067640303,2.3990062067640334
3.448176211233331,3.448176211233333
3.5821301541247355,3.5821301541247363
4.052607170808147,4.052607170808145
2.9563320319671966,2.956332031967194
4.282259352300346,4.282259352300347
2.692253020751497,2.6922530207514965
2.8216506318794856,2.821650631879484
3.1261699999539214,3.1261699999539196
3.3920399742494314,3.3920399742494283
3.309952935949855,3.309952935949855
2.9176597560670365,2.9176597560670343
4.133937562308184,4.133937562308182
4.526990140126412,4.526990140126413
2.864443175897296,2.8644431758972924
2.8338946968417784,2.8338946968417806
3.0003520676942124,3.0003520676942106
2.984123154693791,2.9841231546937905
3.2075848412718937,3.2075848412718915
3.6811952144540836,3.6811952144540863
3.0268254975732916,3.0268254975732956
2.704571334730275,2.7045713347302747
3.0800989700976094,3.0800989700976116
3.798397769861937,3.798397769861938
3.2901975059737705,3.2901975059737696
4.011770848292853,4.011770848292854
3.342224144522911,3.3422241445229104
4.09702678366861,4.097026783668612
4.010292201765817,4.0102922017658145
2.275499526785715,2.2754995267857154
2.9572476027180614,2.95724760271806
3.770837604693772,3.7708376046937735
2.468696752764308,2.468696752764307
2.37884239055542,2.3788423905554206
2.914504840619118,2.9145048406191187
4.044504408617949,4.044504408617951
2.5859725463073655,2.585972546307366
3.4208578898524684,3.420857889852469
3.6560767273913424,3.6560767273913415
3.5284456572759257,3.528445657275925
2.9991130736751637,2.9991130736751654
3.0843270750341527,3.084327075034154
4.132682806694978,4.132682806694983
2.9519929900116306,2.9519929900116355
2.5935604020686704,2.5935604020686673
3.4270551041912936,3.427055104191295
3.835230655269323,3.8352306552693234
4.088869905122758,4.088869905122758
2.2852347540629494,2.28523475406295
3.729248296098758,3.729248296098759
2.6155406925143327,2.6155406925143314
2.6137570982784126,2.6137570982784153
3.9188513906629647,3.9188513906629643
2.631514464247419,2.6315144642474206
3.354647887335561,3.354647887335558
3.4726562759271986,3.4726562759271977
3.925220867360883,3.9252208673608844
3.8261451382174214,3.826145138217422
3.55150778002575,3.5515077800257484
2.729605655719155,2.7296056557191557
4.482596794706942,4.482596794706946
3.35293885606494,3.3529388560649425
3.5957057962590855,3.595705796259084
3.9810883434396307,3.9810883434396285
4.121616747342304,4.121616747342305
4.109829787466388,4.1098297874663885
3.2586985513001494,3.2586985513001485
3.545231417606113,3.5452314176061126
2.64247357957801,2.642473579578012
3.6029090807279283,3.602909080727926
2.7153994323387707,2.715399432338768
2.9386407486431025,2.9386407486431025
2.6036769624937146,2.6036769624937164
3.662375969572968,3.66237596957297
3.0898560500877355,3.0898560500877363
2.5556558148650415,2.555655814865042
2.5595267879059094,2.5595267879059076
3.107718654190879,3.1077186541908794
3.426339573849654,3.42633957384965
2.802152968821416,2.8021529688214164
3.8291299839682513,3.82912998396825
3.4670129434178327,3.4670129434178323
2.7487378474360002,2.748737847436
3.2075060052151567,3.2075060052151585
3.8662079145829513,3.866207914582952
3.246899798154878,3.2468997981548764
2.921740714231435,2.921740714231437
2.9208907684998446,2.920890768499845
3.517403861484382,3.5174038614843814
2.898309731279428,2.8983097312794275
1.7410868420476484,1.7410868420476504
3.6644438449790973,3.6644438449790995
2.779471485728975,2.7794714857289753
3.685180621564428,3.6851806215644305
3.3719380267780146,3.3719380267780172
3.1776192701166273,3.177619270116627
4.41406853731696,4.414068537316959
3.6232421497894247,3.6232421497894256
3.165405473390244,3.165405473390244
3.185825490752714,3.1858254907527166
3.450210774194938,3.4502107741949355
2.9965969206122893,2.9965969206122907
3.3798875177949257,3.379887517794925
3.3143746491136876,3.314374649113685
2.9122459488688714,2.912245948868873
4.163875033382715,4.163875033382718
3.9796469984328486,3.9796469984328504
3.578272330344283,3.5782723303442814
3.6653655085958063,3.665365508595807
4.304642884646298,4.3046428846463
4.0686059496615306,4.068605949661531
4.499696155040577,4.499696155040578
2.3919782862446204,2.39197828624462
2.820789461602373,2.8207894616023745
4.21909122715572,4.219091227155721
5.385151004679368,5.385151004679363
4.25973159061696,4.259731590616962
3.5356440693657234,3.5356440693657225
3.6443707399919174,3.644370739991919
3.050247452918916,3.0502474529189154
3.38999458481636,3.3899945848163613
3.406561122639397,3.4065611226393964
3.9540628098057327,3.95406280980573
3.4003400602600027,3.400340060260006
2.6235652952328317,2.623565295232832
3.287273454287293,3.2872734542872966
3.1957667584876113,3.1957667584876095
2.552460122922286,2.5524601229222887
3.3434199203397323,3.3434199203397346
4.1350916317398125,4.1350916317398125
2.8655079082238655,2.865507908223867
3.1885782329385304,3.188578232938527
3.282828172448365,3.282828172448368
4.670157278665664,4.670157278665663
4.286011721894975,4.286011721894976
3.4212949682734037,3.421294968273403
2.7406093387609185,2.740609338760919
6.066794242443141,6.06679424244314
3.173647370125737,3.1736473701257384
4.322451148784275,4.322451148784275
3.740150620519451,3.740150620519449
3.9688306307406127,3.9688306307406127
3.1566366777739834,3.1566366777739843
3.415851362881139,3.415851362881141
4.287260404122611,4.287260404122609
4.0289965362845335,4.028996536284534
3.6401404477018353,3.6401404477018335
2.9556982078768876,2.9556982078768876
3.2288459156489053,3.228845915648904
4.700037456046068,4.700037456046071
2.6375829064935314,2.63758290649353
3.1445785834501443,3.1445785834501443
3.332938622368539,3.3329386223685367
4.217600465491026,4.217600465491024
4.8778195113055265,4.877819511305529
5.367330303554534,5.367330303554537
3.2210211873657006,3.2210211873656984
3.225816012764819,3.2258160127648177
4.03891792729434,4.0389179272943405
3.36310514929351,3.363105149293512
3.582127050395357,3.582127050395359
3.0800848762706754,3.0800848762706754
3.1176150221154093,3.1176150221154053
2.6698295187265404,2.6698295187265426
3.524037967017653,3.52403796701765
4.127819279636447,4.127819279636451
3.0212880126912913,3.021288012691289
2.8978231808478774,2.897823180847878
3.637773330841835,3.637773330841836
3.218175575231996,3.218175575231995
3.2651721406043506,3.265172140604351
2.7630207915632496,2.7630207915632496
2.4670391944702295,2.46703919447023
2.4194659771126883,2.4194659771126847
3.103945754934229,3.103945754934231
3.2552622864647813,3.255262286464781
3.318203654431072,3.3182036544310742
4.943097460974951,4.943097460974953
2.862648947350499,2.8626489473505004
2.8122841073842255,2.8122841073842286
3.6286615188753455,3.628661518875345
2.9236762118000503,2.9236762118000508
2.423040688377158,2.4230406883771587
3.43729467023611,3.4372946702361062
3.4612391219404643,3.4612391219404683
3.4005460953905438,3.400546095390542
3.951532299207701,3.951532299207698
4.211609429839264,4.211609429839265
2.51472737959059,2.5147273795905885
3.429214721678356,3.429214721678356
4.1123763581861335,4.112376358186133
3.194928640912569,3.194928640912569
3.513318662905982,3.513318662905987
3.7994640938663005,3.799464093866303
2.759598985759375,2.759598985759375
2.11900117778454,2.119001177784542
3.59889418751953,3.598894187519528
2.9008955941932792,2.9008955941932806
3.568662123007268,3.5686621230072673
3.5786312332200825,3.5786312332200847
3.855883652101087,3.855883652101083
3.158253244914054,3.158253244914057
3.185997869853864,3.1859978698538614
2.7628239357199242,2.762823935719924
4.908774278834975,4.90877427883497
3.4806567532881925,3.48065675328819
2.5296712393881804,2.5296712393881786
4.797970115191617,4.797970115191619
2.852141971982318,2.852141971982317
3.321504300793063,3.321504300793065
2.7678198703742307,2.7678198703742325
3.0879822561373937,3.087982256137397
3.721831495411797,3.7218314954117995
3.5663372457635862,3.566337245763587
3.591868353098725,3.5918683530987288
3.354082692326715,3.3540826923267133
3.6905523128759126,3.690552312875913
3.5300124687595944,3.5300124687595935
2.6427996652145325,2.642799665214533
3.408723382183966,3.4087233821839646
3.4393562212660065,3.4393562212660047
3.5825399991414426,3.5825399991414435
3.262618846134837,3.2626188461348398
2.5648225669742426,2.56482256697424
3.123173266693165,3.123173266693164
4.064066484400886,4.064066484400888
3.7073001928846483,3.707300192884645
3.439343184818881,3.439343184818881
2.8423336425431933,2.8423336425431933
2.4932494475269538,2.4932494475269555
3.379728908741331,3.3797289087413294
2.3442980291918993,2.3442980291919
3.2012520664316,3.201252066431599
3.0289492570624983,3.0289492570624987
3.9408045335214106,3.940804533521409
2.5745930351664845,2.574593035166486
3.4948612628626807,3.494861262862681
4.810397449452425,4.8103974494524255
2.8961120980557644,2.8961120980557666
3.4969311750505603,3.496931175050562
3.151492441495289,3.1514924414952867
3.7141899702995964,3.714189970299598
2.5951774179347007,2.5951774179346985
3.319250175440802,3.3192501754408017
3.7774853370340473,3.777485337034051
3.8001293014816633,3.800129301481664
3.6157066737823294,3.615706673782331
3.072500328943781,3.0725003289437818
3.337071329216993,3.3370713292169905
3.5397335497556597,3.5397335497556597
4.162334594193631,4.162334594193631
3.183158090375043,3.183158090375045
2.8576358942006403,2.8576358942006417
3.079823066728912,3.0798230667289137
3.353345245060433,3.3533452450604324
3.183436656820666,3.183436656820664
3.3737675361377275,3.3737675361377297
3.0411386743723363,3.0411386743723403
4.237310030429953,4.237310030429953
3.458640979194165,3.458640979194167
3.0095845913627763,3.0095845913627812
2.8240298872053446,2.824029887205347
2.818442846291467,2.8184428462914664
3.528581961834901,3.5285819618349006
4.008782143738913,4.008782143738911
3.198880537234374,3.198880537234375
3.2275579011704156,3.227557901170417
3.134980673923083,3.1349806739230837
3.1104079644092892,3.1104079644092852
2.4806610779354368,2.480661077935436
3.244624017328313,3.244624017328313
4.110519062196283,4.1105190621962855
4.380806464500357,4.380806464500363
3.0225862061904603,3.022586206190463
3.193382709199304,3.193382709199306
3.280989405889001,3.280989405889003
2.3551376623081945,2.3551376623081937
3.988853354235987,3.9888533542359847
2.6252153394142104,2.6252153394142104
4.178619552580448,4.178619552580445
2.9995670613360343,2.999567061336035
3.1672974410067987,3.167297441006797
3.050213266142428,3.0502132661424275
3.1570162681342464,3.157016268134244
3.1186579974494038,3.1186579974494006
3.9119426309136056,3.9119426309136056
5.036384897268172,5.036384897268172
2.8723548055710553,2.872354805571057
3.4715888193566733,3.471588819356673
2.9838615309324994,2.9838615309324985
3.1909084365591425,3.190908436559141
2.3626627478076494,2.3626627478076494
2.953397505824688,2.9533975058246895
3.6838571103939857,3.683857110393988
2.498702706268773,2.4987027062687703
3.5167846189013474,3.516784618901347
4.387397974813247,4.387397974813247
3.1813572314226657,3.181357231422665
3.875850429498282,3.8758504294982794
4.34359965502718,4.34359965502718
3.744506528179986,3.7445065281799876
2.9933504157771247,2.9933504157771242
2.4940481652891564,2.4940481652891564
3.1049959636855515,3.1049959636855506
2.803698936811584,2.8036989368115846
4.6132292867818165,4.6132292867818165
3.275550280373961,3.2755502803739605
4.026575216819229,4.02657521681923
4.324521750571592,4.324521750571595
4.537790788480196,4.537790788480194
3.674803675434699,3.6748036754346987
3.7733362938543125,3.773336293854312
3.307718544202333,3.3077185442023342
3.4572631058193224,3.4572631058193224
3.708795156464429,3.7087951564644293
2.502668642591868,2.5026686425918667
3.1641625534598936,3.1641625534598927
3.3395114635330123,3.3395114635330128
4.9493173590751685,4.94931735907517
3.0058979185050774,3.0058979185050747
3.831895877407302,3.8318958774073058
3.5172533198055542,3.5172533198055516
3.6991830565065036,3.699183056506505
4.055379475535442,4.055379475535444
3.0641683705846474,3.0641683705846487
4.725192464991968,4.725192464991968
3.3665274475902938,3.36652744759029
3.364268329052966,3.3642683290529654
2.8292189375346837,2.82921893753468
3.4944801661734153,3.4944801661734166
3.4784428223050785,3.4784428223050767
4.2074146378754,4.207414637875399
3.579165294245675,3.5791652942456764
2.956849045180324,2.9568490451803235
4.3795620175574586,4.379562017557458
2.9467004482892603,2.9467004482892625
3.811134375472529,3.81113437547253
2.872906369698109,2.8729063696981143
3.3196126803379546,3.3196126803379533
3.1519144655868185,3.1519144655868203
3.617695936557475,3.6176959365574755
3.439974434855635,3.439974434855637
2.9416035505159392,2.9416035505159437
3.8586599478094143,3.85865994780941
4.26236506127164,4.262365061271642
3.6215884964314675,3.6215884964314675
3.521331171343395,3.5213311713433946
3.8001343526201765,3.800134352620173
2.639662372422098,2.6396623724220962
2.796026137457398,2.7960261374573965
3.0679781574103226,3.0679781574103235
2.4760173872849105,2.476017387284915
